Degrees,Avg Rate,Corrected,Error
-5,0.2242857143,0.1228223724,0.04774466121
5,0.3523076923,0.192929214,0.05991629785
-10,0.004,0.00436425464,0.00182756564
10,0.06846153846,0.07469589672,0.02824435789
-15,0.0004444444444,0.0007227591083,0.0002222222222
15,0.002666666667,0.00433655465,0.00159550071
25,0.0003174603175,0.0008429805738,0.00009070294785
-30,0.0008888888889,0.002792526756,0.0004812634278
30,0.002037037037,0.006399540481,0.0003605578839